"Fecha","Último","Apertura","Máximo","Mínimo","Vol.","% var."
"08.07.2024","18.400,0","18.300,0","18.400,0","18.300,0","199,41K","0,44%"
"05.07.2024","18.320,0","18.320,0","18.360,0","18.240,0","278,23K","-0,33%"
"04.07.2024","18.380,0","18.360,0","18.480,0","18.300,0","75,73K","0,44%"
"03.07.2024","18.300,0","18.320,0","18.480,0","18.260,0","140,77K","0,55%"
"02.07.2024","18.200,0","18.240,0","18.400,0","18.200,0","369,71K","0,00%"
"28.06.2024","18.200,0","17.980,0","18.480,0","17.960,0","355,88K","1,00%"
"27.06.2024","18.020,0","18.000,0","18.100,0","17.940,0","135,68K","0,78%"
"26.06.2024","17.880,0","17.840,0","18.180,0","17.840,0","408,18K","0,79%"
"25.06.2024","17.740,0","17.800,0","17.880,0","17.740,0","185,93K","-1,44%"
"24.06.2024","18.000,0","17.900,0","18.000,0","17.820,0","311,65K","1,47%"
"21.06.2024","17.740,0","17.960,0","18.060,0","17.740,0","414,19K","-0,56%"
"20.06.2024","17.840,0","17.720,0","18.140,0","17.720,0","364,68K","0,68%"
"19.06.2024","17.720,0","18.320,0","18.340,0","17.720,0","185,06K","-3,06%"
"18.06.2024","18.280,0","17.900,0","18.280,0","17.880,0","167,50K","3,86%"
"17.06.2024","17.600,0","17.780,0","17.860,0","17.500,0","382,29K","0,46%"
"14.06.2024","17.520,0","17.720,0","17.720,0","17.520,0","191,17K","-1,02%"
"13.06.2024","17.700,0","18.080,0","18.140,0","17.700,0","248,23K","-1,67%"
"12.06.2024","18.000,0","18.320,0","18.440,0","17.880,0","265,79K","-1,10%"
"11.06.2024","18.200,0","18.740,0","18.800,0","18.200,0","630,13K","-2,57%"
"07.06.2024","18.680,0","19.060,0","19.120,0","18.680,0","169,16K","-1,99%"
"06.06.2024","19.060,0","19.080,0","19.100,0","19.000,0","192,30K","-0,73%"
"05.06.2024","19.200,0","19.100,0","19.320,0","18.940,0","420,31K","1,05%"
"04.06.2024","19.000,0","19.140,0","19.180,0","18.740,0","276,88K","-0,73%"
"31.05.2024","19.140,0","18.560,0","19.140,0","18.500,0","3,33M","1,59%"
"30.05.2024","18.840,0","18.380,0","18.840,0","18.300,0","411,32K","3,40%"
"29.05.2024","18.220,0","18.480,0","18.480,0","18.220,0","181,12K","-0,55%"
"28.05.2024","18.320,0","18.720,0","18.860,0","18.320,0","414,91K","-3,98%"
"27.05.2024","19.080,0","18.380,0","19.080,0","18.380,0","211,78K","2,69%"
"24.05.2024","18.580,0","18.200,0","18.580,0","18.200,0","194,88K","1,75%"
"23.05.2024","18.260,0","18.120,0","18.440,0","18.100,0","191,30K","-0,98%"
"22.05.2024","18.440,0","18.700,0","18.700,0","18.440,0","300,97K","-0,86%"
"21.05.2024","18.600,0","18.860,0","18.960,0","18.600,0","260,99K","-0,85%"
"20.05.2024","18.760,0","18.940,0","18.960,0","18.760,0","891,60K","0,00%"
"17.05.2024","18.760,0","18.760,0","18.920,0","18.500,0","729,30K","0,00%"
"16.05.2024","18.760,0","18.880,0","18.900,0","18.720,0","418,87K","0,00%"
"15.05.2024","18.760,0","18.900,0","18.900,0","18.740,0","265,72K","-0,21%"
"14.05.2024","18.800,0","18.740,0","18.860,0","18.720,0","453,80K","0,64%"
"10.05.2024","18.680,0","18.840,0","18.880,0","18.680,0","389,95K","-0,32%"
"09.05.2024","18.740,0","18.840,0","19.000,0","18.720,0","456,95K","-0,11%"
"08.05.2024","18.760,0","18.900,0","18.900,0","18.580,0","641,43K","0,00%"
"07.05.2024","18.760,0","19.040,0","19.180,0","18.760,0","473,19K","-1,26%"
"06.05.2024","19.000,0","19.060,0","19.120,0","18.880,0","244,29K","-0,52%"
"03.05.2024","19.100,0","18.800,0","19.100,0","18.600,0","537,90K","1,60%"
"02.05.2024","18.800,0","18.460,0","18.800,0","18.100,0","757,80K","3,87%"
"30.04.2024","18.100,0","18.780,0","18.880,0","18.100,0","615,67K","-3,62%"
"29.04.2024","18.780,0","18.300,0","18.780,0","18.160,0","443,96K","3,99%"
"26.04.2024","18.060,0","18.100,0","18.180,0","17.940,0","474,19K","0,89%"
"25.04.2024","17.900,0","18.180,0","18.280,0","17.900,0","401,74K","-1,65%"
"24.04.2024","18.200,0","17.840,0","18.300,0","17.700,0","1,24M","1,68%"
"23.04.2024","17.900,0","18.240,0","18.240,0","17.840,0","269,11K","-1,10%"
"22.04.2024","18.100,0","18.540,0","18.560,0","18.080,0","345,70K","0,56%"
"19.04.2024","18.000,0","17.980,0","18.280,0","17.920,0","548,95K","0,11%"
"18.04.2024","17.980,0","18.400,0","18.400,0","17.860,0","402,31K","-2,28%"
"17.04.2024","18.400,0","18.500,0","18.800,0","18.340,0","562,48K","-0,54%"
"16.04.2024","18.500,0","18.600,0","19.020,0","18.500,0","397,82K","-0,54%"
"15.04.2024","18.600,0","19.100,0","19.100,0","18.600,0","460,63K","-2,11%"
"12.04.2024","19.000,0","19.700,0","19.800,0","19.000,0","242,74K","-3,55%"
"11.04.2024","19.700,0","19.960,0","20.000,0","19.700,0","1,67M","-0,51%"
"10.04.2024","19.800,0","19.740,0","20.140,0","19.740,0","1,26M","0,61%"
"09.04.2024","19.680,0","19.300,0","19.980,0","19.300,0","802,04K","2,50%"
"08.04.2024","19.200,0","19.500,0","19.580,0","19.100,0","566,40K","0,00%"
"05.04.2024","19.200,0","19.680,0","19.720,0","19.200,0","363,59K","-2,24%"
"04.04.2024","19.640,0","19.740,0","19.800,0","19.640,0","483,99K","0,20%"
"03.04.2024","19.600,0","19.660,0","19.860,0","19.600,0","160,92K","-1,31%"
"02.04.2024","19.860,0","19.700,0","19.980,0","19.560,0","438,85K","1,33%"
"01.04.2024","19.600,0","19.720,0","19.720,0","19.440,0","219,91K","-0,91%"
"27.03.2024","19.780,0","19.440,0","19.780,0","19.260,0","120,63K","1,96%"
"26.03.2024","19.400,0","19.300,0","19.500,0","19.300,0","162,07K","-0,10%"
"22.03.2024","19.420,0","19.340,0","19.420,0","19.240,0","157,00K","0,41%"
"21.03.2024","19.340,0","19.060,0","19.340,0","18.940,0","511,14K","1,26%"
"20.03.2024","19.100,0","19.400,0","19.460,0","18.980,0","230,86K","-1,04%"
"19.03.2024","19.300,0","19.600,0","19.660,0","19.300,0","120,89K","-2,03%"
"18.03.2024","19.700,0","19.140,0","20.340,0","19.000,0","510,18K","-1,30%"
"15.03.2024","19.960,0","19.000,0","19.960,0","18.680,0","2,31M","3,96%"
"14.03.2024","19.200,0","18.280,0","19.200,0","18.280,0","642,00K","3,78%"
"13.03.2024","18.500,0","17.500,0","18.500,0","17.500,0","388,12K","4,88%"
"12.03.2024","17.640,0","18.060,0","18.240,0","17.080,0","1,34M","-4,13%"
"11.03.2024","18.400,0","18.040,0","18.400,0","17.980,0","293,11K","1,10%"
"08.03.2024","18.200,0","18.000,0","18.480,0","18.000,0","840,25K","1,22%"
"07.03.2024","17.980,0","17.660,0","18.100,0","17.380,0","461,03K","1,35%"
"06.03.2024","17.740,0","17.280,0","17.980,0","17.280,0","612,66K","3,14%"
"05.03.2024","17.200,0","16.920,0","17.200,0","16.900,0","266,14K","1,78%"
"04.03.2024","16.900,0","16.860,0","16.980,0","16.600,0","153,56K","0,24%"
"01.03.2024","16.860,0","16.720,0","17.140,0","16.720,0","210,75K","0,84%"
"29.02.2024","16.720,0","17.180,0","17.180,0","16.680,0","1,37M","-2,56%"
"28.02.2024","17.160,0","17.400,0","17.440,0","17.160,0","192,06K","-1,04%"
"27.02.2024","17.340,0","17.180,0","17.400,0","17.180,0","134,54K","0,81%"
"26.02.2024","17.200,0","17.000,0","17.400,0","16.960,0","185,03K","0,58%"
"23.02.2024","17.100,0","17.140,0","17.140,0","17.060,0","499,89K","0,00%"
"22.02.2024","17.100,0","17.140,0","17.320,0","17.100,0","282,12K","-0,23%"
"21.02.2024","17.140,0","16.640,0","17.180,0","16.640,0","797,79K","2,02%"
"20.02.2024","16.800,0","16.500,0","16.800,0","16.320,0","177,82K","1,20%"
"19.02.2024","16.600,0","16.300,0","16.600,0","16.000,0","228,34K","-1,19%"
"16.02.2024","16.800,0","16.780,0","16.800,0","16.640,0","115,62K","1,20%"
"15.02.2024","16.600,0","16.560,0","16.820,0","16.560,0","77,01K","0,00%"
"14.02.2024","16.600,0","16.120,0","16.620,0","16.120,0","301,39K","3,75%"
"13.02.2024","16.000,0","16.220,0","16.220,0","16.000,0","312,11K","-1,36%"
"12.02.2024","16.220,0","16.260,0","16.440,0","16.220,0","70,39K","0,50%"
"09.02.2024","16.140,0","16.520,0","16.520,0","16.140,0","235,90K","-0,98%"
"08.02.2024","16.300,0","16.760,0","16.760,0","16.300,0","269,16K","-2,74%"
"07.02.2024","16.760,0","16.840,0","16.860,0","16.740,0","228,41K","-0,36%"
"06.02.2024","16.820,0","16.820,0","16.820,0","16.700,0","133,55K","-0,36%"
"05.02.2024","16.880,0","16.900,0","16.940,0","16.860,0","120,01K","-0,47%"
"02.02.2024","16.960,0","16.920,0","16.960,0","16.760,0","86,73K","0,00%"
"01.02.2024","16.960,0","16.980,0","17.000,0","16.880,0","241,89K","0,59%"
"31.01.2024","16.860,0","16.800,0","17.160,0","16.800,0","315,02K","0,36%"
"30.01.2024","16.800,0","17.160,0","17.160,0","16.800,0","510,07K","-1,75%"
"29.01.2024","17.100,0","17.100,0","17.220,0","17.020,0","263,52K","0,00%"
"26.01.2024","17.100,0","16.980,0","17.280,0","16.860,0","329,70K","1,18%"
"25.01.2024","16.900,0","16.740,0","16.980,0","16.540,0","301,52K","0,96%"
"24.01.2024","16.740,0","16.960,0","16.960,0","16.720,0","198,77K","-0,83%"
"23.01.2024","16.880,0","17.160,0","17.360,0","16.880,0","328,64K","-0,71%"
"22.01.2024","17.000,0","17.000,0","17.220,0","16.800,0","266,96K","-1,28%"
"19.01.2024","17.220,0","17.120,0","17.220,0","16.700,0","325,77K","1,18%"
"18.01.2024","17.020,0","17.640,0","17.640,0","17.020,0","807,28K","-2,18%"
"17.01.2024","17.400,0","18.020,0","18.140,0","17.400,0","554,38K","-3,55%"
"16.01.2024","18.040,0","17.540,0","18.060,0","17.540,0","415,95K","3,20%"
"15.01.2024","17.480,0","17.660,0","17.660,0","17.400,0","117,84K","-1,24%"
"12.01.2024","17.700,0","17.400,0","17.700,0","17.400,0","305,43K","1,72%"
"11.01.2024","17.400,0","17.480,0","17.580,0","17.340,0","312,39K","0,00%"
"10.01.2024","17.400,0","17.680,0","17.940,0","17.320,0","209,08K","-1,47%"
"09.01.2024","17.660,0","16.960,0","17.740,0","16.880,0","247,11K","3,88%"
"05.01.2024","17.000,0","16.620,0","17.120,0","16.620,0","414,70K","2,41%"
"04.01.2024","16.600,0","16.380,0","16.780,0","16.320,0","590,04K","2,72%"
"03.01.2024","16.160,0","16.280,0","16.380,0","16.060,0","349,46K","-0,98%"
"02.01.2024","16.320,0","15.480,0","16.340,0","15.420,0","333,95K","5,43%"
"28.12.2023","15.480,0","15.560,0","15.720,0","15.320,0","330,63K","-0,26%"
"27.12.2023","15.520,0","15.460,0","15.600,0","15.160,0","462,65K","1,84%"
"26.12.2023","15.240,0","15.200,0","15.460,0","15.200,0","45,43K","1,33%"
"22.12.2023","15.040,0","15.080,0","15.280,0","15.040,0","144,57K","1,08%"
"21.12.2023","14.880,0","15.160,0","15.160,0","14.860,0","343,86K","0,27%"
"20.12.2023","14.840,0","15.100,0","15.260,0","14.840,0","310,94K","-2,11%"
"19.12.2023","15.160,0","15.120,0","15.200,0","15.000,0","247,87K","0,00%"
"18.12.2023","15.160,0","15.280,0","15.300,0","15.000,0","126,71K","0,00%"
"15.12.2023","15.160,0","15.060,0","15.300,0","14.980,0","1,41M","0,66%"
"14.12.2023","15.060,0","15.440,0","15.440,0","15.000,0","581,02K","-3,46%"
"13.12.2023","15.600,0","15.500,0","15.600,0","15.440,0","424,54K","0,65%"
"12.12.2023","15.500,0","15.500,0","15.520,0","15.320,0","152,47K","0,00%"
"11.12.2023","15.500,0","15.640,0","15.660,0","15.420,0","184,31K","-1,90%"
"07.12.2023","15.800,0","15.300,0","15.800,0","15.200,0","279,73K","3,27%"
"06.12.2023","15.300,0","15.360,0","15.380,0","15.280,0","145,29K","0,00%"
"05.12.2023","15.300,0","15.300,0","15.480,0","15.180,0","315,08K","0,66%"
"04.12.2023","15.200,0","15.280,0","15.300,0","15.200,0","326,89K","-0,13%"
"01.12.2023","15.220,0","15.340,0","15.400,0","15.160,0","236,86K","0,40%"
"30.11.2023","15.160,0","15.360,0","15.600,0","15.160,0","2,18M","0,00%"
"29.11.2023","15.160,0","15.220,0","15.260,0","15.040,0","568,12K","-0,26%"
"28.11.2023","15.200,0","15.300,0","15.340,0","15.140,0","171,79K","0,53%"
"27.11.2023","15.120,0","15.240,0","15.240,0","15.100,0","342,33K","-0,79%"
"24.11.2023","15.240,0","15.300,0","15.320,0","15.100,0","333,70K","0,00%"
"23.11.2023","15.240,0","15.320,0","15.480,0","15.100,0","252,67K","-1,68%"
"22.11.2023","15.500,0","15.500,0","15.640,0","15.300,0","244,62K","-0,64%"
"21.11.2023","15.600,0","15.800,0","15.800,0","15.460,0","117,72K","-1,64%"
"20.11.2023","15.860,0","15.860,0","15.940,0","15.760,0","213,24K","0,00%"
"17.11.2023","15.860,0","15.300,0","15.900,0","15.300,0","229,18K","4,62%"
"16.11.2023","15.160,0","15.200,0","15.260,0","15.100,0","309,31K","0,40%"
"15.11.2023","15.100,0","15.240,0","15.380,0","15.100,0","410,07K","-0,92%"
"14.11.2023","15.240,0","15.000,0","15.240,0","15.000,0","191,88K","2,01%"
"10.11.2023","14.940,0","15.380,0","15.400,0","14.940,0","197,11K","-2,86%"
"09.11.2023","15.380,0","15.140,0","15.380,0","15.040,0","124,27K","1,85%"
"08.11.2023","15.100,0","15.000,0","15.100,0","14.900,0","65,70K","0,67%"
"07.11.2023","15.000,0","14.650,0","15.000,0","14.650,0","187,67K","2,39%"
"03.11.2023","14.650,0","14.700,0","14.740,0","14.510,0","185,33K","0,00%"
"02.11.2023","14.650,0","14.430,0","14.650,0","14.400,0","54,15K","1,74%"
"01.11.2023","14.400,0","14.500,0","14.800,0","14.400,0","131,00K","-0,69%"
"31.10.2023","14.500,0","14.750,0","14.750,0","14.470,0","147,54K","0,62%"
"30.10.2023","14.410,0","14.890,0","14.990,0","14.400,0","114,89K","0,07%"
"27.10.2023","14.400,0","14.690,0","14.790,0","14.200,0","325,82K","4,20%"
"26.10.2023","13.820,0","14.800,0","14.800,0","13.820,0","280,51K","-6,50%"
"25.10.2023","14.780,0","14.730,0","14.920,0","14.730,0","81,56K","0,54%"
"24.10.2023","14.700,0","14.660,0","14.850,0","14.660,0","45,52K","0,00%"
"23.10.2023","14.700,0","14.990,0","14.990,0","14.700,0","75,08K","-2,00%"
"20.10.2023","15.000,0","14.700,0","15.000,0","14.700,0","267,70K","3,31%"
"19.10.2023","14.520,0","14.700,0","14.900,0","14.520,0","150,40K","-0,55%"
"18.10.2023","14.600,0","14.500,0","14.800,0","14.500,0","200,36K","0,69%"
"17.10.2023","14.500,0","14.260,0","14.540,0","14.260,0","109,03K","1,68%"
"13.10.2023","14.260,0","14.250,0","14.330,0","14.200,0","118,16K","1,71%"
"12.10.2023","14.020,0","14.290,0","14.290,0","14.020,0","113,17K","-2,57%"
"11.10.2023","14.390,0","13.890,0","14.390,0","13.890,0","336,71K","4,12%"
"10.10.2023","13.820,0","14.120,0","14.120,0","13.820,0","167,57K","-1,99%"
"09.10.2023","14.100,0","14.200,0","14.320,0","14.100,0","48,39K","0,00%"
"06.10.2023","14.100,0","14.160,0","14.160,0","13.920,0","70,60K","0,64%"
"05.10.2023","14.010,0","14.500,0","14.540,0","13.910,0","181,30K","-1,34%"
"04.10.2023","14.200,0","14.350,0","14.560,0","14.150,0","75,37K","0,35%"
"03.10.2023","14.150,0","14.560,0","14.600,0","14.150,0","275,87K","-3,08%"
"02.10.2023","14.600,0","14.950,0","14.950,0","14.570,0","304,57K","-2,14%"
"29.09.2023","14.920,0","14.810,0","14.990,0","14.810,0","178,83K","-0,53%"
"28.09.2023","15.000,0","15.130,0","15.130,0","14.860,0","146,39K","-1,96%"
"27.09.2023","15.300,0","14.500,0","15.300,0","14.300,0","557,51K","5,52%"
"26.09.2023","14.500,0","14.960,0","14.960,0","14.150,0","303,49K","-2,29%"
"25.09.2023","14.840,0","15.200,0","15.260,0","14.840,0","516,28K","-2,37%"
"22.09.2023","15.200,0","15.290,0","15.290,0","15.200,0","125,07K","-0,13%"
"21.09.2023","15.220,0","15.280,0","15.280,0","14.710,0","301,97K","-0,07%"
"20.09.2023","15.230,0","15.000,0","15.300,0","15.000,0","148,70K","0,20%"
"19.09.2023","15.200,0","15.280,0","15.400,0","14.900,0","391,77K","0,53%"
"18.09.2023","15.120,0","15.250,0","15.250,0","15.000,0","59,85K","-1,18%"
"15.09.2023","15.300,0","14.860,0","15.300,0","14.850,0","2,32M","4,01%"
"14.09.2023","14.710,0","14.650,0","15.000,0","14.650,0","62,30K","0,00%"
"13.09.2023","14.710,0","14.650,0","14.750,0","14.650,0","636,76K","0,07%"
"12.09.2023","14.700,0","14.300,0","14.700,0","14.250,0","1,13M","2,80%"
"11.09.2023","14.300,0","14.330,0","14.500,0","14.120,0","677,19K","0,00%"
"08.09.2023","14.300,0","14.200,0","14.440,0","14.200,0","118,12K","-0,69%"
"07.09.2023","14.400,0","13.900,0","14.640,0","13.800,0","179,90K","4,35%"
"06.09.2023","13.800,0","14.200,0","14.490,0","13.800,0","195,29K","-1,50%"
"05.09.2023","14.010,0","15.120,0","15.390,0","14.010,0","409,16K","-9,03%"
"04.09.2023","15.400,0","15.570,0","15.700,0","15.300,0","32,86K","-0,96%"
"01.09.2023","15.550,0","15.690,0","15.690,0","15.270,0","660,82K","3,81%"
"31.08.2023","14.980,0","16.500,0","16.500,0","14.980,0","899,50K","-9,98%"
"30.08.2023","16.640,0","16.310,0","16.640,0","16.290,0","88,39K","2,21%"
"29.08.2023","16.280,0","15.830,0","16.280,0","15.830,0","283,97K","1,94%"
"28.08.2023","15.970,0","15.700,0","15.970,0","15.700,0","76,99K","2,90%"
"25.08.2023","15.520,0","15.400,0","15.640,0","15.200,0","110,79K","1,44%"
"24.08.2023","15.300,0","15.600,0","15.600,0","15.170,0","142,39K","1,59%"
"23.08.2023","15.060,0","15.760,0","15.760,0","15.040,0","266,52K","-3,71%"
"22.08.2023","15.640,0","16.350,0","16.580,0","15.640,0","296,57K","-4,23%"
"18.08.2023","16.330,0","16.500,0","16.680,0","16.300,0","147,17K","-1,03%"
"17.08.2023","16.500,0","17.000,0","17.000,0","16.460,0","673,66K","-2,31%"
"16.08.2023","16.890,0","16.960,0","16.960,0","16.600,0","233,17K","-0,06%"
"15.08.2023","16.900,0","16.730,0","16.990,0","16.690,0","54,95K","0,00%"
"14.08.2023","16.900,0","16.630,0","16.900,0","16.630,0","88,12K","0,48%"
"11.08.2023","16.820,0","17.000,0","17.000,0","16.820,0","104,32K","-1,06%"
"10.08.2023","17.000,0","16.910,0","17.000,0","16.890,0","118,14K","0,00%"
"09.08.2023","17.000,0","17.000,0","17.000,0","16.850,0","372,04K","0,00%"
"08.08.2023","17.000,0","17.000,0","17.000,0","16.810,0","161,02K","0,00%"
"04.08.2023","17.000,0","17.140,0","17.140,0","16.700,0","32,72K","1,01%"
"03.08.2023","16.830,0","17.270,0","17.290,0","16.680,0","64,77K","1,32%"
"02.08.2023","16.610,0","17.270,0","17.270,0","16.610,0","196,21K","-3,09%"
"01.08.2023","17.140,0","17.290,0","17.290,0","17.100,0","104,25K","-0,17%"
"31.07.2023","17.170,0","17.060,0","17.290,0","17.060,0","372,78K","0,59%"
"28.07.2023","17.070,0","17.230,0","17.260,0","17.020,0","29,44K","-0,93%"
"27.07.2023","17.230,0","17.010,0","17.230,0","16.870,0","199,87K","1,41%"
"26.07.2023","16.990,0","17.040,0","17.290,0","16.990,0","228,51K","-1,51%"
"25.07.2023","17.250,0","17.240,0","17.250,0","17.060,0","111,48K","0,29%"
"24.07.2023","17.200,0","17.480,0","17.480,0","17.080,0","79,29K","-0,64%"
"21.07.2023","17.310,0","17.240,0","17.510,0","17.200,0","192,38K","0,06%"
"19.07.2023","17.300,0","17.380,0","17.460,0","17.260,0","247,15K","0,17%"
"18.07.2023","17.270,0","16.990,0","17.400,0","16.990,0","82,07K","1,23%"
"17.07.2023","17.060,0","17.100,0","17.180,0","16.920,0","115,75K","-0,23%"
"14.07.2023","17.100,0","17.100,0","17.200,0","16.950,0","512,54K","0,00%"
"13.07.2023","17.100,0","17.000,0","17.190,0","16.770,0","296,30K","0,77%"
"12.07.2023","16.970,0","16.900,0","16.980,0","16.750,0","470,89K","1,01%"
"11.07.2023","16.800,0","16.840,0","16.980,0","16.730,0","211,68K","0,30%"
"10.07.2023","16.750,0","16.970,0","16.970,0","16.620,0","129,99K","-1,35%"
"07.07.2023","16.980,0","16.660,0","16.980,0","16.330,0","279,70K","3,41%"
"06.07.2023","16.420,0","16.300,0","16.490,0","16.240,0","379,54K","0,31%"
"05.07.2023","16.370,0","16.680,0","17.100,0","16.370,0","834,69K","-2,50%"
"04.07.2023","16.790,0","16.890,0","17.030,0","16.750,0","53,47K","-0,59%"
"30.06.2023","16.890,0","16.990,0","16.990,0","16.760,0","122,42K","0,24%"
"29.06.2023","16.850,0","16.550,0","16.970,0","16.550,0","113,31K","1,81%"
"28.06.2023","16.550,0","16.950,0","17.000,0","16.550,0","89,46K","-1,78%"
"27.06.2023","16.850,0","16.890,0","16.890,0","16.570,0","220,39K","-0,24%"
"26.06.2023","16.890,0","17.000,0","17.010,0","16.890,0","146,19K","-0,53%"
"23.06.2023","16.980,0","17.150,0","17.150,0","16.800,0","173,07K","-0,99%"
"22.06.2023","17.150,0","17.520,0","17.600,0","17.100,0","100,34K","-2,28%"
"21.06.2023","17.550,0","17.900,0","17.900,0","17.550,0","201,95K","-1,96%"
"20.06.2023","17.900,0","17.750,0","17.900,0","17.320,0","407,78K","0,85%"
"16.06.2023","17.750,0","17.660,0","18.000,0","17.580,0","1,07M","-1,33%"
"15.06.2023","17.990,0","17.760,0","18.260,0","17.760,0","459,95K","0,11%"
"14.06.2023","17.970,0","17.700,0","18.180,0","17.700,0","472,82K","-2,34%"
"13.06.2023","18.400,0","17.600,0","18.400,0","17.450,0","146,05K","6,98%"
"09.06.2023","17.200,0","17.580,0","17.710,0","17.060,0","192,01K","-2,27%"
"08.06.2023","17.600,0","17.830,0","17.830,0","17.550,0","73,35K","-2,22%"
"07.06.2023","18.000,0","18.300,0","18.690,0","18.000,0","131,66K","-3,74%"
"06.06.2023","18.700,0","17.720,0","18.700,0","17.670,0","270,24K","5,17%"
"05.06.2023","17.780,0","17.820,0","17.980,0","17.600,0","38,51K","-1,22%"
"02.06.2023","18.000,0","17.600,0","18.000,0","17.590,0","241,78K","2,27%"
"01.06.2023","17.600,0","17.160,0","17.790,0","17.160,0","136,38K","0,00%"
"31.05.2023","17.600,0","16.630,0","17.600,0","16.620,0","2,53M","3,53%"
"30.05.2023","17.000,0","16.710,0","17.000,0","16.160,0","208,54K","1,98%"
"29.05.2023","16.670,0","16.150,0","17.100,0","16.150,0","69,25K","2,90%"
"26.05.2023","16.200,0","15.730,0","16.470,0","15.730,0","120,79K","3,18%"
"25.05.2023","15.700,0","16.000,0","16.100,0","15.600,0","181,25K","-1,88%"
"24.05.2023","16.000,0","16.180,0","16.300,0","16.000,0","56,69K","-0,87%"
"23.05.2023","16.140,0","16.610,0","16.610,0","16.140,0","227,74K","-1,94%"
"19.05.2023","16.460,0","16.980,0","16.980,0","16.460,0","45,15K","-4,41%"
"18.05.2023","17.220,0","16.780,0","17.220,0","16.780,0","204,11K","-2,60%"
"17.05.2023","17.680,0","17.420,0","17.900,0","17.420,0","129,60K","1,49%"
"16.05.2023","17.420,0","17.710,0","17.790,0","17.420,0","100,33K","-0,63%"
"15.05.2023","17.530,0","18.260,0","18.390,0","17.530,0","288,45K","-4,05%"
"12.05.2023","18.270,0","16.030,0","18.270,0","16.030,0","178,02K","5,61%"
"11.05.2023","17.300,0","17.990,0","17.990,0","17.300,0","220,50K","-1,70%"
"10.05.2023","17.600,0","17.800,0","17.800,0","17.500,0","201,96K","-1,12%"
"09.05.2023","17.800,0","17.860,0","17.860,0","17.560,0","171,63K","1,60%"
"08.05.2023","17.520,0","18.000,0","18.000,0","17.520,0","603,06K","-2,12%"
"05.05.2023","17.900,0","18.000,0","18.200,0","17.780,0","186,28K","-1,65%"
"04.05.2023","18.200,0","17.880,0","18.200,0","17.880,0","215,29K","1,79%"
"03.05.2023","17.880,0","18.300,0","18.300,0","17.710,0","256,83K","-1,22%"
"02.05.2023","18.100,0","18.190,0","18.340,0","18.010,0","323,98K","-0,55%"
"28.04.2023","18.200,0","17.930,0","18.200,0","17.810,0","240,08K","3,53%"
"27.04.2023","17.580,0","17.730,0","17.730,0","17.400,0","279,78K","-0,85%"
"26.04.2023","17.730,0","17.850,0","17.990,0","17.670,0","305,16K","0,17%"
"25.04.2023","17.700,0","17.620,0","17.810,0","17.580,0","158,95K","-1,45%"
"24.04.2023","17.960,0","17.200,0","17.960,0","17.200,0","154,89K","3,58%"
"21.04.2023","17.340,0","17.010,0","17.400,0","17.010,0","132,27K","-0,80%"
"20.04.2023","17.480,0","16.970,0","17.480,0","16.970,0","50,69K","3,13%"
"19.04.2023","16.950,0","16.860,0","16.950,0","16.510,0","177,61K","0,59%"
"18.04.2023","16.850,0","17.390,0","17.470,0","16.800,0","101,10K","-3,16%"
"17.04.2023","17.400,0","16.920,0","17.400,0","16.920,0","168,63K","3,45%"
"14.04.2023","16.820,0","16.810,0","16.920,0","16.790,0","388,67K","-0,12%"
"13.04.2023","16.840,0","16.850,0","16.980,0","16.840,0","212,91K","0,00%"
"12.04.2023","16.840,0","16.750,0","16.940,0","16.630,0","443,28K","0,84%"
"11.04.2023","16.700,0","16.450,0","16.750,0","16.390,0","476,77K","2,39%"
"10.04.2023","16.310,0","16.190,0","16.490,0","16.000,0","168,04K","0,25%"
"05.04.2023","16.270,0","15.800,0","16.270,0","15.660,0","203,98K","3,70%"
"04.04.2023","15.690,0","15.630,0","15.840,0","15.550,0","182,87K","0,71%"
"03.04.2023","15.580,0","15.200,0","15.580,0","15.100,0","101,36K","2,84%"
"31.03.2023","15.150,0","15.540,0","15.780,0","15.150,0","184,78K","-2,26%"
"30.03.2023","15.500,0","14.990,0","15.500,0","14.990,0","257,57K","4,73%"
"29.03.2023","14.800,0","15.170,0","15.170,0","14.380,0","279,96K","0,68%"
"28.03.2023","14.700,0","15.490,0","15.490,0","14.700,0","335,92K","-4,11%"
"27.03.2023","15.330,0","15.740,0","15.800,0","15.330,0","176,11K","-0,45%"
"24.03.2023","15.400,0","14.740,0","15.400,0","14.310,0","749,72K","4,27%"
"23.03.2023","14.770,0","15.300,0","15.430,0","14.700,0","79,61K","-3,27%"
"22.03.2023","15.270,0","15.690,0","15.780,0","15.000,0","364,96K","-2,05%"
"21.03.2023","15.590,0","15.500,0","15.830,0","15.500,0","39,25K","3,45%"
"17.03.2023","15.070,0","15.840,0","15.840,0","14.380,0","2,18M","-4,74%"
"16.03.2023","15.820,0","16.100,0","16.300,0","15.580,0","573,75K","-0,50%"
"15.03.2023","15.900,0","17.690,0","17.690,0","15.900,0","332,04K","-9,09%"
"14.03.2023","17.490,0","17.590,0","17.590,0","17.200,0","115,32K","-0,06%"
"13.03.2023","17.500,0","17.150,0","17.880,0","17.150,0","221,71K","0,00%"
"10.03.2023","17.500,0","17.530,0","17.690,0","17.350,0","234,54K","-0,17%"
"09.03.2023","17.530,0","18.100,0","18.100,0","17.530,0","51,50K","-4,73%"
"08.03.2023","18.400,0","18.010,0","18.760,0","18.010,0","132,87K","0,66%"
"07.03.2023","18.280,0","18.430,0","18.900,0","18.280,0","244,75K","0,16%"
"06.03.2023","18.250,0","17.600,0","18.250,0","17.600,0","106,52K","3,69%"
"03.03.2023","17.600,0","17.000,0","17.710,0","17.000,0","115,63K","4,70%"
"02.03.2023","16.810,0","17.400,0","17.400,0","16.810,0","63,99K","-3,56%"
"01.03.2023","17.430,0","17.210,0","17.630,0","17.070,0","90,76K","1,28%"
"28.02.2023","17.210,0","17.900,0","17.950,0","17.210,0","834,36K","-5,28%"
"27.02.2023","18.170,0","18.170,0","18.300,0","18.140,0","49,26K","0,00%"
"24.02.2023","18.170,0","18.000,0","18.170,0","17.780,0","186,00K","1,57%"
"23.02.2023","17.890,0","18.200,0","18.400,0","17.890,0","341,67K","0,00%"
"22.02.2023","17.890,0","17.820,0","18.300,0","17.780,0","95,43K","-0,11%"
"21.02.2023","17.910,0","18.180,0","18.200,0","17.550,0","205,59K","-0,56%"
"20.02.2023","18.010,0","18.000,0","18.200,0","17.930,0","40,33K","0,17%"
"17.02.2023","17.980,0","18.700,0","18.700,0","17.980,0","88,06K","-4,36%"
"16.02.2023","18.800,0","18.500,0","19.080,0","18.500,0","502,02K","-2,03%"
"15.02.2023","19.190,0","18.000,0","19.190,0","17.710,0","276,08K","6,02%"
"14.02.2023","18.100,0","18.050,0","18.170,0","17.940,0","279,73K","-1,63%"
"13.02.2023","18.400,0","18.300,0","18.680,0","17.650,0","255,71K","-1,60%"
"10.02.2023","18.700,0","18.800,0","18.900,0","18.700,0","292,97K","-1,42%"
"09.02.2023","18.970,0","18.990,0","19.000,0","18.770,0","131,66K","-0,16%"
"08.02.2023","19.000,0","19.000,0","19.250,0","18.630,0","208,52K","0,00%"
"07.02.2023","19.000,0","19.050,0","19.050,0","18.800,0","97,44K","0,00%"
"06.02.2023","19.000,0","19.040,0","19.040,0","18.800,0","84,20K","0,00%"
"03.02.2023","19.000,0","19.000,0","19.190,0","18.620,0","512,25K","0,00%"
"02.02.2023","19.000,0","18.630,0","19.330,0","18.630,0","311,54K","0,53%"
"01.02.2023","18.900,0","19.030,0","19.190,0","18.390,0","487,32K","-0,74%"
"31.01.2023","19.040,0","19.200,0","19.610,0","18.620,0","692,97K","-4,32%"
"30.01.2023","19.900,0","19.400,0","19.900,0","19.290,0","516,67K","1,74%"
"27.01.2023","19.560,0","20.410,0","20.490,0","18.580,0","593,40K","-5,19%"
"26.01.2023","20.630,0","20.980,0","20.980,0","20.600,0","251,11K","-1,67%"
"25.01.2023","20.980,0","20.850,0","20.980,0","20.710,0","239,53K","0,33%"
"24.01.2023","20.910,0","21.200,0","21.380,0","20.840,0","134,17K","-2,74%"
"23.01.2023","21.500,0","21.600,0","21.600,0","21.210,0","162,55K","-0,46%"
"20.01.2023","21.600,0","21.740,0","21.750,0","21.340,0","130,76K","-0,87%"
"19.01.2023","21.790,0","21.670,0","21.790,0","21.400,0","255,71K","0,55%"
"18.01.2023","21.670,0","21.600,0","21.670,0","21.230,0","217,79K","-0,05%"
"17.01.2023","21.680,0","21.020,0","21.700,0","21.020,0","473,69K","0,00%"
"16.01.2023","21.680,0","21.000,0","21.680,0","21.000,0","78,82K","1,03%"
"13.01.2023","21.460,0","21.610,0","21.820,0","21.170,0","269,34K","-1,29%"
"12.01.2023","21.740,0","21.700,0","22.340,0","21.600,0","165,20K","-1,18%"
"11.01.2023","22.000,0","22.000,0","22.300,0","21.750,0","205,60K","0,00%"
"10.01.2023","22.000,0","22.000,0","22.890,0","22.000,0","490,15K","0,00%"
"06.01.2023","22.000,0","22.030,0","22.700,0","22.000,0","50,27K","-4,35%"
"05.01.2023","23.000,0","21.200,0","23.000,0","20.800,0","244,41K","7,88%"
"04.01.2023","21.320,0","20.950,0","21.320,0","20.460,0","112,16K","5,02%"
"03.01.2023","20.300,0","20.520,0","20.520,0","20.300,0","152,09K","-0,54%"
"02.01.2023","20.410,0","20.430,0","20.720,0","20.410,0","11,41K","-2,81%"
"29.12.2022","21.000,0","20.600,0","21.000,0","20.600,0","227,20K","1,94%"
"28.12.2022","20.600,0","20.970,0","20.990,0","20.400,0","120,60K","-1,44%"
"27.12.2022","20.900,0","20.400,0","20.900,0","20.140,0","63,44K","2,45%"
"26.12.2022","20.400,0","20.960,0","20.960,0","20.100,0","251,42K","-2,81%"
"23.12.2022","20.990,0","19.900,0","20.990,0","19.680,0","53,93K","4,95%"
"22.12.2022","20.000,0","19.620,0","21.000,0","19.620,0","1,04M","-4,72%"
"21.12.2022","20.990,0","19.270,0","20.990,0","19.270,0","271,78K","4,48%"
"20.12.2022","20.090,0","18.590,0","20.090,0","18.530,0","228,31K","9,96%"
"19.12.2022","18.270,0","19.200,0","19.400,0","18.270,0","870,13K","-4,84%"
"16.12.2022","19.200,0","18.710,0","19.200,0","18.320,0","2,26M","2,62%"
"15.12.2022","18.710,0","19.000,0","19.100,0","18.710,0","207,22K","-4,49%"
"14.12.2022","19.590,0","17.920,0","19.590,0","17.850,0","289,38K","9,32%"
"13.12.2022","17.920,0","18.550,0","18.620,0","17.900,0","259,62K","-3,60%"
"12.12.2022","18.590,0","18.900,0","18.900,0","18.560,0","130,06K","-1,64%"
"09.12.2022","18.900,0","19.200,0","19.200,0","18.540,0","346,56K","-1,56%"
"07.12.2022","19.200,0","18.960,0","19.200,0","18.900,0","294,38K","3,23%"
"06.12.2022","18.600,0","18.700,0","19.000,0","17.930,0","86,41K","4,61%"
"05.12.2022","17.780,0","18.880,0","18.880,0","17.780,0","98,39K","-5,43%"
"02.12.2022","18.800,0","19.000,0","19.370,0","18.800,0","197,32K","-1,05%"
"01.12.2022","19.000,0","19.450,0","19.450,0","19.000,0","675,46K","-2,56%"
"30.11.2022","19.500,0","19.200,0","19.500,0","18.490,0","2,37M","2,20%"
"29.11.2022","19.080,0","18.550,0","19.190,0","18.550,0","318,06K","3,14%"
"28.11.2022","18.500,0","18.000,0","18.500,0","18.000,0","856,32K","0,27%"
"25.11.2022","18.450,0","18.020,0","18.470,0","17.940,0","169,13K","-0,38%"
"24.11.2022","18.520,0","18.540,0","18.550,0","18.100,0","56,64K","-0,16%"
"23.11.2022","18.550,0","18.280,0","18.550,0","18.070,0","217,11K","2,94%"
"22.11.2022","18.020,0","17.670,0","18.080,0","17.670,0","146,71K","2,85%"
"21.11.2022","17.520,0","18.500,0","18.600,0","17.520,0","221,93K","-6,16%"
"18.11.2022","18.670,0","18.610,0","18.810,0","18.510,0","196,41K","-3,11%"
"17.11.2022","19.270,0","19.060,0","19.270,0","18.760,0","95,58K","0,05%"
"16.11.2022","19.260,0","18.770,0","19.260,0","18.500,0","172,24K","2,72%"
"15.11.2022","18.750,0","18.490,0","18.750,0","18.200,0","275,51K","1,35%"
"11.11.2022","18.500,0","18.540,0","18.540,0","18.000,0","129,95K","-0,48%"
"10.11.2022","18.590,0","17.100,0","18.650,0","17.100,0","303,03K","-1,01%"
"09.11.2022","18.780,0","17.700,0","18.780,0","17.700,0","325,14K","6,10%"
"08.11.2022","17.700,0","17.500,0","18.290,0","17.500,0","231,97K","1,14%"
"04.11.2022","17.500,0","16.900,0","17.500,0","16.900,0","190,47K","5,68%"
"03.11.2022","16.560,0","17.740,0","17.800,0","16.560,0","241,97K","-7,49%"
"02.11.2022","17.900,0","19.290,0","19.290,0","17.600,0","329,45K","-5,74%"
"01.11.2022","18.990,0","19.270,0","19.270,0","18.980,0","215,33K","-1,45%"
"31.10.2022","19.270,0","18.800,0","19.270,0","18.800,0","199,43K","0,36%"
"28.10.2022","19.200,0","18.880,0","19.500,0","18.620,0","241,50K","-1,54%"
"27.10.2022","19.500,0","18.650,0","19.500,0","18.290,0","214,16K","4,28%"
"26.10.2022","18.700,0","18.010,0","18.700,0","18.010,0","324,06K","1,08%"
"25.10.2022","18.500,0","18.160,0","18.500,0","17.410,0","295,83K","2,32%"
"24.10.2022","18.080,0","18.880,0","19.000,0","18.080,0","190,52K","-4,29%"
"21.10.2022","18.890,0","18.600,0","18.890,0","18.550,0","369,22K","1,56%"
"20.10.2022","18.600,0","18.750,0","18.750,0","18.440,0","224,90K","-2,62%"
"19.10.2022","19.100,0","18.510,0","19.550,0","18.510,0","204,71K","0,53%"
"18.10.2022","19.000,0","18.650,0","19.000,0","18.220,0","313,80K","2,21%"
"14.10.2022","18.590,0","18.600,0","18.750,0","18.310,0","171,86K","0,49%"
"13.10.2022","18.500,0","17.730,0","18.500,0","17.730,0","278,74K","1,82%"
"12.10.2022","18.170,0","18.100,0","18.370,0","18.100,0","156,22K","-2,26%"
"11.10.2022","18.590,0","19.000,0","19.000,0","18.040,0","354,84K","-2,16%"
"10.10.2022","19.000,0","17.400,0","19.000,0","17.400,0","76,66K","7,59%"
"07.10.2022","17.660,0","17.490,0","17.660,0","17.100,0","124,02K","0,97%"
"06.10.2022","17.490,0","17.700,0","18.200,0","17.420,0","123,78K","-1,19%"
"05.10.2022","17.700,0","16.650,0","17.700,0","16.230,0","110,72K","5,73%"
"04.10.2022","16.740,0","16.700,0","16.800,0","16.470,0","144,64K","3,40%"
"03.10.2022","16.190,0","16.500,0","17.130,0","15.900,0","93,53K","-1,88%"
"30.09.2022","16.500,0","16.400,0","17.850,0","16.400,0","247,62K","0,61%"
"29.09.2022","16.400,0","15.790,0","16.400,0","15.770,0","746,93K","3,86%"
"28.09.2022","15.790,0","15.360,0","16.000,0","15.360,0","208,56K","1,94%"
"27.09.2022","15.490,0","15.000,0","15.780,0","13.560,0","210,23K","4,66%"
"26.09.2022","14.800,0","16.000,0","16.000,0","14.800,0","182,50K","-4,58%"
"23.09.2022","15.510,0","16.100,0","16.100,0","15.510,0","83,41K","-4,90%"
"22.09.2022","16.310,0","16.490,0","17.000,0","16.230,0","368,75K","-1,03%"
"21.09.2022","16.480,0","17.000,0","17.000,0","16.300,0","192,58K","-3,06%"
"20.09.2022","17.000,0","18.200,0","18.200,0","17.000,0","176,42K","-4,17%"
"19.09.2022","17.740,0","17.600,0","17.820,0","17.150,0","108,21K","0,85%"
"16.09.2022","17.590,0","17.920,0","17.920,0","17.500,0","959,07K","-2,49%"
"15.09.2022","18.040,0","17.990,0","18.100,0","17.910,0","119,87K","0,33%"
"14.09.2022","17.980,0","17.870,0","18.200,0","17.260,0","221,71K","0,62%"
"13.09.2022","17.870,0","17.690,0","18.000,0","17.390,0","100,32K","1,59%"
"12.09.2022","17.590,0","16.950,0","17.590,0","16.950,0","120,41K","4,08%"
"09.09.2022","16.900,0","17.380,0","17.380,0","16.900,0","82,47K","-3,98%"
"07.09.2022","17.600,0","17.700,0","18.000,0","17.600,0","77,04K","-1,68%"
"06.09.2022","17.900,0","18.100,0","18.540,0","17.700,0","90,93K","-1,49%"
"05.09.2022","18.170,0","18.950,0","18.950,0","18.010,0","29,26K","-1,73%"
"02.09.2022","18.490,0","18.750,0","19.000,0","18.490,0","220,74K","-0,27%"
"01.09.2022","18.540,0","19.960,0","19.960,0","18.480,0","334,13K","-3,29%"
"31.08.2022","19.170,0","19.560,0","19.890,0","19.170,0","1,81M","-3,08%"
"30.08.2022","19.780,0","19.990,0","19.990,0","19.560,0","65,91K","-1,10%"
"29.08.2022","20.000,0","20.160,0","20.280,0","19.700,0","160,33K","-0,10%"
"26.08.2022","20.020,0","20.140,0","20.320,0","20.020,0","91,64K","-0,35%"
"25.08.2022","20.090,0","19.800,0","20.160,0","19.800,0","490,52K","1,98%"
"24.08.2022","19.700,0","20.280,0","20.290,0","19.700,0","135,33K","-4,37%"
"23.08.2022","20.600,0","19.960,0","20.600,0","19.500,0","189,27K","3,21%"
"22.08.2022","19.960,0","20.450,0","20.450,0","19.940,0","348,09K","-3,34%"
"19.08.2022","20.650,0","20.830,0","21.000,0","20.500,0","59,70K","-1,85%"
"18.08.2022","21.040,0","21.350,0","21.350,0","20.900,0","217,42K","-1,45%"
"17.08.2022","21.350,0","20.830,0","21.350,0","20.830,0","295,63K","1,67%"
"16.08.2022","21.000,0","21.000,0","21.200,0","20.830,0","514,06K","-0,47%"
"12.08.2022","21.100,0","21.200,0","21.380,0","20.670,0","178,06K","0,00%"
"11.08.2022","21.100,0","20.620,0","21.100,0","20.550,0","82,10K","3,43%"
"10.08.2022","20.400,0","21.360,0","21.360,0","20.400,0","95,26K","-4,49%"
"09.08.2022","21.360,0","20.820,0","21.360,0","20.820,0","135,11K","0,75%"
"08.08.2022","21.200,0","20.910,0","21.430,0","20.900,0","230,70K","1,44%"
"05.08.2022","20.900,0","20.460,0","20.900,0","20.390,0","84,09K","0,00%"
"04.08.2022","20.900,0","20.950,0","20.950,0","20.360,0","140,39K","0,00%"
"03.08.2022","20.900,0","20.700,0","21.000,0","20.700,0","374,83K","0,97%"
"02.08.2022","20.700,0","20.500,0","20.700,0","20.380,0","160,97K","0,98%"
"01.08.2022","20.500,0","20.400,0","20.500,0","20.130,0","283,53K","-0,49%"
"29.07.2022","20.600,0","20.510,0","20.690,0","20.210,0","214,12K","0,44%"
"28.07.2022","20.510,0","20.580,0","20.890,0","20.300,0","150,92K","0,15%"
"27.07.2022","20.480,0","20.630,0","20.790,0","20.090,0","121,24K","0,00%"
"26.07.2022","20.480,0","20.600,0","20.600,0","20.270,0","27,57K","-0,10%"
"25.07.2022","20.500,0","19.600,0","20.800,0","19.600,0","146,34K","2,50%"
"22.07.2022","20.000,0","21.260,0","21.260,0","20.000,0","220,89K","-6,15%"
"21.07.2022","21.310,0","22.100,0","22.100,0","21.260,0","188,09K","-3,97%"
"19.07.2022","22.190,0","21.590,0","22.190,0","21.050,0","142,22K","3,26%"
"18.07.2022","21.490,0","20.600,0","21.490,0","20.600,0","62,23K","0,00%"
"15.07.2022","21.490,0","21.000,0","21.490,0","19.600,0","119,40K","1,37%"
"14.07.2022","21.200,0","21.500,0","21.500,0","21.000,0","526,64K","-1,40%"
"13.07.2022","21.500,0","21.600,0","21.600,0","21.200,0","134,88K","0,00%"
"12.07.2022","21.500,0","21.300,0","21.600,0","21.260,0","131,43K","0,94%"
"11.07.2022","21.300,0","21.620,0","21.620,0","21.300,0","401,92K","-3,97%"